name	size	S_Pop1	S_Pop2	Pi_Pop1	Pi_Pop2	W_Pop1	W_Pop2	D_Pop1	D_Pop2	FstHud	FstNei_weighted	PiInter	Ts_Pop1	Ts_Pop2	PS_Pop1	PN_Pop1	NSS_Pop1	PS_Pop2	PN_Pop2	NSS_Pop2	gc3	NumberOfStop	InFrameStop	sizeOut1	sizeOut2	divOut1	divOut2	NSS_Out1	div_NonSyn_Out1	div_Syn_Out1	NSS_Out2	div_NonSyn_Out2	div_Syn_Out2
data/XP_002193814.fasta	1608	3	4	0.18254	0.568421	0.714016	1.12748	-1.64374	-1.43544	0.995768	0.900754	88.7273	0	4	0.18254	0	410.5	0.268421	0.3	411.2	0.449627	0	no	0	0	0	0	-999	-999	-999	-999	-999	-999
data/XP_002200447.fasta	1173	17	4	1.43536	0.609735	4.04609	1.12748	-2.11128	-1.32936	0.515118	0.190757	2.10886	14	3	0.736921	0.698435	310.309	0.609735	0	310.5	0.774936	0	no	0	0	0	0	-999	-999	-999	-999	-999	-999
