name	size	S_Pop1	S_Pop2	Pi_Pop1	Pi_Pop2	W_Pop1	W_Pop2	D_Pop1	D_Pop2	Dxy	PiTotal	FstHud	FstNei_weighted	FstNei_unweighted	gc	sizeOut1	sizeOut2	divOut1	divOut2	Fixed	PrivatePop1	PrivatePop2	Shared
data/XP_002193814.fasta	1608	3	4	0.18254	0.568421	0.714016	1.12748	-1.64374	-1.43544	88.7273	4.95745	0.995768	0.900754	0.924259	0.480119	0	0	-999	-999	10	3	4	0
data/XP_002200447.fasta	1173	17	4	1.43536	0.609735	4.04609	1.12748	-2.11128	-1.32936	2.10886	1.65573	0.515118	0.190757	0.38242	0.610798	0	0	-999	-999	0	17	4	0
